filename,probability
event_223_1ch.csv,0.42963579297065735
event_251.csv,0.42836716771125793
